al-ayyam	https://www.al-ayyam.ps/
al-quds	https://www.alquds.com/
wafa-ar	https://www.wafa.ps/
maan-ar	https://www.maannews.net/
pbc-palestine	https://www.pbc.ps/
al-hayat-al-jadida	https://www.alhaya.ps/
raya-fm	https://www.raya.ps/
pnn-english	https://english.pnn.ps/
wattan	https://www.wattan.net/
arab48	https://www.arab48.com/
qudsnen	https://qudsnen.co/
krym-realii	https://ru.krymr.com/
krym-realii-ua	https://ua.krymr.com/
atr-crimea	https://atr.ua/
avdet	https://avdet.org/
ctrcenter	https://ctrcenter.org/
qha-new	https://qha.com.ua/
